{
    "All_Leave_Requests": [
        {
            "Department": "Operations",
            "Insurance_Company": "BAJAJ ALLIANZ GENERAL INS. CO. LTD",
            "PREMIUM": "",
            "Insurance_Type": "Travel",
            "Gross_Premium": "",
            "Employee_Id": "E012",
            "ID": "210184000000019007",
            "Start_Date": "18-Sep-2024",
            "End_Date": "23-Sep-2024",
            "Car_Number": "DL4525",
            "Reason": "change the data according to the ",
            "Type_of_Leave": "Casual Leave"
        },
        {
            "Department": "Marketing",
            "Insurance_Company": "",
            "PREMIUM": "",
            "Insurance_Type": "Health",
            "Gross_Premium": "",
            "Employee_Id": "E011",
            "ID": "210184000000019003",
            "Start_Date": "16-Sep-2024",
            "End_Date": "21-Sep-2024",
            "Car_Number": "",
            "Reason": "No Reason",
            "Type_of_Leave": "Sick Leave"
        },
        {
            "Department": "Marketing",
            "Insurance_Company": "",
            "PREMIUM": "",
            "Insurance_Type": "",
            "Gross_Premium": "",
            "Employee_Id": "E010",
            "ID": "210184000000018003",
            "Start_Date": "17-Jan-2024",
            "End_Date": "20-Jan-2024",
            "Car_Number": "",
            "Reason": "Vacation",
            "Type_of_Leave": "Annual Leave"
        },
        {
            "Department": "Sales",
            "Insurance_Company": "",
            "PREMIUM": "",
            "Insurance_Type": "",
            "Gross_Premium": "",
            "Employee_Id": "E009",
            "ID": "210184000000017011",
            "Start_Date": "17-Jan-2024",
            "End_Date": "20-Jan-2024",
            "Car_Number": "",
            "Reason": "Vacation",
            "Type_of_Leave": "Annual Leave"
        },
        {
            "Department": "HR",
            "Insurance_Company": "TATA-AIG GENERAL INSURANCE CO. LTD",
            "PREMIUM": "",
            "Insurance_Type": "",
            "Gross_Premium": "",
            "Employee_Id": "E008",
            "ID": "210184000000006246",
            "Start_Date": "17-Jan-2023",
            "End_Date": "20-Jan-2023",
            "Car_Number": "",
            "Reason": "Vacation",
            "Type_of_Leave": "Annual Leave"
        },
        {
            "Department": "Marketing",
            "Insurance_Company": "TATA-AIG GENERAL INSURANCE CO. LTD",
            "PREMIUM": "",
            "Insurance_Type": "",
            "Gross_Premium": "",
            "Employee_Id": "E007",
            "ID": "210184000000006245",
            "Start_Date": "16-Oct-2023",
            "End_Date": "18-Oct-2023",
            "Car_Number": "",
            "Reason": "Medical Appointment",
            "Type_of_Leave": "Paternity Leave"
        },
        {
            "Department": "Finance",
            "Insurance_Company": "TATA-AIG GENERAL INSURANCE CO. LTD",
            "PREMIUM": "",
            "Insurance_Type": "",
            "Gross_Premium": "",
            "Employee_Id": "E006",
            "ID": "210184000000006244",
            "Start_Date": "06-Apr-2023",
            "End_Date": "12-Apr-2023",
            "Car_Number": "",
            "Reason": "Medical Appointment",
            "Type_of_Leave": "Emergency Leave"
        },
        {
            "Department": "HR",
            "Insurance_Company": "TATA-AIG GENERAL INSURANCE CO. LTD",
            "PREMIUM": "",
            "Insurance_Type": "Fire",
            "Gross_Premium": "",
            "Employee_Id": "E004",
            "ID": "210184000000006242",
            "Start_Date": "08-Feb-2023",
            "End_Date": "15-Feb-2023",
            "Car_Number": "",
            "Reason": "Medical Appointment",
            "Type_of_Leave": "Annual Leave"
        },
        {
            "Department": "Marketing",
            "Insurance_Company": "TATA-AIG GENERAL INSURANCE CO. LTD",
            "PREMIUM": "",
            "Insurance_Type": "Fire",
            "Gross_Premium": "",
            "Employee_Id": "E003",
            "ID": "210184000000006241",
            "Start_Date": "02-Aug-2023",
            "End_Date": "14-Aug-2023",
            "Car_Number": "",
            "Reason": "Medical Appointment",
            "Type_of_Leave": "Emergency Leave"
        },
        {
            "Department": "Sales",
            "Insurance_Company": "TATA-AIG GENERAL INSURANCE CO. LTD",
            "PREMIUM": "",
            "Insurance_Type": "Fire",
            "Gross_Premium": "",
            "Employee_Id": "E002",
            "ID": "210184000000006240",
            "Start_Date": "15-Apr-2023",
            "End_Date": "29-Apr-2023",
            "Car_Number": "",
            "Reason": "Urgent Matter",
            "Type_of_Leave": "Annual Leave"
        },
        {
            "Department": "Marketing",
            "Insurance_Company": "TATA-AIG GENERAL INSURANCE CO. LTD",
            "PREMIUM": "",
            "Insurance_Type": "Fire",
            "Gross_Premium": "",
            "Employee_Id": "E001",
            "ID": "210184000000006239",
            "Start_Date": "11-Dec-2023",
            "End_Date": "19-Dec-2023",
            "Car_Number": "",
            "Reason": "Medical Appointment",
            "Type_of_Leave": "Sick Leave"
        }
    ]
}